[
  {
    "description": "    Para administrar el directorio \n    como desarrollador \n    quiero asegurarme que las operaciones crud a travez de las api rest funcionen bien",
    "keyword": "Feature",
    "name": "DirectoryService",
    "line": 2,
    "id": "directoryservice",
    "tags": [
      {
        "name": "@directory-service",
        "line": 1
      }
    ],
    "uri": "src\\features\\directory.feature",
    "elements": [
      {
        "id": "directoryservice;crear-un-contacto",
        "keyword": "Scenario",
        "line": 14,
        "name": "crear un contacto",
        "tags": [
          {
            "name": "@directory-service",
            "line": 1
          }
        ],
        "type": "scenario",
        "steps": [
          {
            "arguments": [],
            "keyword": "Given ",
            "line": 8,
            "name": "un contacto {\"id\":99,\"name\":\"Dwayne Klocko\",\"email\":\"Rene30@hotmail.com\",\"phoneNumber\":\"1-876-420-9890\"}",
            "match": {
              "location": "src\\steps\\directory.js:8"
            },
            "result": {
              "status": "passed",
              "duration": 3000000
            }
          },
          {
            "arguments": [],
            "keyword": "When ",
            "line": 9,
            "name": "envio una solicitud POST a /directory",
            "match": {
              "location": "src\\steps\\directory.js:13"
            },
            "result": {
              "status": "passed",
              "duration": 69000000
            }
          },
          {
            "arguments": [],
            "keyword": "Then ",
            "line": 10,
            "name": "yo obtengo el codigo de respuesta 201",
            "match": {
              "location": "src\\steps\\directory.js:18"
            },
            "result": {
              "status": "passed",
              "duration": 1000000
            }
          }
        ]
      },
      {
        "id": "directoryservice;crear-un-contacto",
        "keyword": "Scenario",
        "line": 15,
        "name": "crear un contacto",
        "tags": [
          {
            "name": "@directory-service",
            "line": 1
          }
        ],
        "type": "scenario",
        "steps": [
          {
            "arguments": [],
            "keyword": "Given ",
            "line": 8,
            "name": "un contacto {\"id\":7,\"name\":\"Ian Weimann DVM\",\"email\":\"Euna_Bergstrom@hotmail.com\",\"phoneNumber\":\"(297) 962-1879\"}",
            "match": {
              "location": "src\\steps\\directory.js:8"
            },
            "result": {
              "status": "passed",
              "duration": 1000000
            }
          },
          {
            "arguments": [],
            "keyword": "When ",
            "line": 9,
            "name": "envio una solicitud POST a /directory",
            "match": {
              "location": "src\\steps\\directory.js:13"
            },
            "result": {
              "status": "passed",
              "duration": 23000000
            }
          },
          {
            "arguments": [],
            "keyword": "Then ",
            "line": 10,
            "name": "yo obtengo el codigo de respuesta 201",
            "match": {
              "location": "src\\steps\\directory.js:18"
            },
            "result": {
              "status": "passed",
              "duration": 1000000
            }
          }
        ]
      }
    ]
  }
]